{
    "name": "root",
    "gauges": {
        "WeightAgent_Training_onlyGoal.Policy.Entropy.mean": {
            "value": 0.5019766688346863,
            "min": 0.37457016110420227,
            "max": 0.6309499740600586,
            "count": 1398
        },
        "WeightAgent_Training_onlyGoal.Policy.Entropy.sum": {
            "value": 4994.66796875,
            "min": 1547.124755859375,
            "max": 6467.2373046875,
            "count": 1398
        },
        "WeightAgent_Training_onlyGoal.Environment.EpisodeLength.mean": {
            "value": 118.2439024390244,
            "min": 0.3927392739273927,
            "max": 199.07843137254903,
            "count": 1398
        },
        "WeightAgent_Training_onlyGoal.Environment.EpisodeLength.sum": {
            "value": 9696.0,
            "min": 833.0,
            "max": 12754.0,
            "count": 1398
        },
        "WeightAgent_Training_onlyGoal.GoalWeight.mean": {
            "value": 1.7999999523162842,
            "min": 1.1230878829956055,
            "max": 1.7999999523162842,
            "count": 1398
        },
        "WeightAgent_Training_onlyGoal.GoalWeight.sum": {
            "value": 84.59999775886536,
            "min": 2.246175765991211,
            "max": 91.7999975681305,
            "count": 1398
        },
        "WeightAgent_Training_onlyGoal.CollideWeight.mean": {
            "value": 2.045593738555908,
            "min": 2.045593738555908,
            "max": 2.5482652615278196,
            "count": 1398
        },
        "WeightAgent_Training_onlyGoal.CollideWeight.sum": {
            "value": 96.14290571212769,
            "min": 4.85471248626709,
            "max": 104.32528066635132,
            "count": 1398
        },
        "WeightAgent_Training_onlyGoal.GroupWeight.mean": {
            "value": -2.2652692794799805,
            "min": -2.2652692794799805,
            "max": 1.1629812717437744,
            "count": 1398
        },
        "WeightAgent_Training_onlyGoal.GroupWeight.sum": {
            "value": -106.46765613555908,
            "min": -115.528733253479,
            "max": 2.325962543487549,
            "count": 1398
        },
        "WeightAgent_Training_onlyGoal.InteractWeight.mean": {
            "value": -5.0,
            "min": -5.0,
            "max": 0.32185912132263184,
            "count": 1398
        },
        "WeightAgent_Training_onlyGoal.InteractWeight.sum": {
            "value": -235.0,
            "min": -255.0,
            "max": 2.62769877910614,
            "count": 1398
        },
        "WeightAgent_Training_onlyGoal.Step.mean": {
            "value": 129659993.0,
            "min": 115689998.0,
            "max": 129659993.0,
            "count": 1398
        },
        "WeightAgent_Training_onlyGoal.Step.sum": {
            "value": 129659993.0,
            "min": 115689998.0,
            "max": 129659993.0,
            "count": 1398
        },
        "WeightAgent_Training_onlyGoal.Policy.ExtrinsicValueEstimate.mean": {
            "value": 0.683151364326477,
            "min": -0.03754439949989319,
            "max": 0.8327683806419373,
            "count": 1398
        },
        "WeightAgent_Training_onlyGoal.Policy.ExtrinsicValueEstimate.sum": {
            "value": 142.7786407470703,
            "min": -79.29376983642578,
            "max": 167.0891571044922,
            "count": 1398
        },
        "WeightAgent_Training_onlyGoal.Environment.CumulativeReward.mean": {
            "value": 0.712309723877045,
            "min": -0.9984303327333747,
            "max": 1.8532254005020314,
            "count": 1398
        },
        "WeightAgent_Training_onlyGoal.Environment.CumulativeReward.sum": {
            "value": 59.12170708179474,
            "min": -2108.6848627328873,
            "max": 104.24972789734602,
            "count": 1398
        },
        "WeightAgent_Training_onlyGoal.Policy.ExtrinsicReward.mean": {
            "value": 0.712309723877045,
            "min": -0.9984303327333747,
            "max": 1.8532254005020314,
            "count": 1398
        },
        "WeightAgent_Training_onlyGoal.Policy.ExtrinsicReward.sum": {
            "value": 59.12170708179474,
            "min": -2108.6848627328873,
            "max": 104.24972789734602,
            "count": 1398
        },
        "WeightAgent_Training_onlyGoal.IsTraining.mean": {
            "value": 1.0,
            "min": 1.0,
            "max": 1.0,
            "count": 1398
        },
        "WeightAgent_Training_onlyGoal.IsTraining.sum": {
            "value": 1.0,
            "min": 1.0,
            "max": 1.0,
            "count": 1398
        },
        "WeightAgent_Training_onlyGoal.Losses.PolicyLoss.mean": {
            "value": 0.021264225151389836,
            "min": 0.012917545965562265,
            "max": 0.036240282903114956,
            "count": 1356
        },
        "WeightAgent_Training_onlyGoal.Losses.PolicyLoss.sum": {
            "value": 0.021264225151389836,
            "min": 0.012917545965562265,
            "max": 0.036240282903114956,
            "count": 1356
        },
        "WeightAgent_Training_onlyGoal.Losses.ValueLoss.mean": {
            "value": 0.056980541845162706,
            "min": 0.013367900562783083,
            "max": 0.21572646150986355,
            "count": 1356
        },
        "WeightAgent_Training_onlyGoal.Losses.ValueLoss.sum": {
            "value": 0.056980541845162706,
            "min": 0.013367900562783083,
            "max": 0.21572646150986355,
            "count": 1356
        },
        "WeightAgent_Training_onlyGoal.Policy.LearningRate.mean": {
            "value": 0.00010552058582649297,
            "min": 0.00010552058582649297,
            "max": 0.0001264540073486835,
            "count": 1356
        },
        "WeightAgent_Training_onlyGoal.Policy.LearningRate.sum": {
            "value": 0.00010552058582649297,
            "min": 0.00010552058582649297,
            "max": 0.0001264540073486835,
            "count": 1356
        },
        "WeightAgent_Training_onlyGoal.Policy.Epsilon.mean": {
            "value": 0.13517350700000005,
            "min": 0.13517350700000005,
            "max": 0.1421513165,
            "count": 1356
        },
        "WeightAgent_Training_onlyGoal.Policy.Epsilon.sum": {
            "value": 0.13517350700000005,
            "min": 0.13517350700000005,
            "max": 0.1421513165,
            "count": 1356
        },
        "WeightAgent_Training_onlyGoal.Policy.Beta.mean": {
            "value": 0.0017651579993000004,
            "min": 0.0017651579993000004,
            "max": 0.0021133506933500006,
            "count": 1356
        },
        "WeightAgent_Training_onlyGoal.Policy.Beta.sum": {
            "value": 0.0017651579993000004,
            "min": 0.0017651579993000004,
            "max": 0.0021133506933500006,
            "count": 1356
        }
    },
    "metadata": {
        "timer_format_version": "0.1.0",
        "start_time_seconds": "1643043954",
        "python_version": "3.7.9 (tags/v3.7.9:13c94747c7, Aug 17 2020, 16:30:00) [MSC v.1900 64 bit (AMD64)]",
        "command_line_arguments": "D:\\Desktop\\Crowds-and-ML-Agents-V2\\venv_new\\Scripts\\mlagents-learn config/WeightAgent_Training_onlyGoal.yaml --run-id=WeightAgent_Training_onlyGoal --resume",
        "mlagents_version": "0.27.0",
        "mlagents_envs_version": "0.27.0",
        "communication_protocol_version": "1.5.0",
        "pytorch_version": "1.10.0+cpu",
        "numpy_version": "1.21.2",
        "end_time_seconds": "1643054677"
    },
    "total": 10723.4962714,
    "count": 1,
    "self": 0.004368899999462883,
    "children": {
        "run_training.setup": {
            "total": 0.11514190000000002,
            "count": 1,
            "self": 0.11514190000000002
        },
        "TrainerController.start_learning": {
            "total": 10723.3767606,
            "count": 1,
            "self": 7.261425499968027,