{"count":1,"self":19.4116608,"total":19.6682319,"children":{"InitializeActuators":{"count":8,"self":0.001,"total":0.001,"children":null},"InitializeSensors":{"count":8,"self":0.0034999,"total":0.0034999,"children":null},"AgentSendState":{"count":380,"self":0.047044499999999996,"total":0.0655471,"children":{"CollectObservations":{"count":608,"self":0.0030031999999999997,"total":0.0030031999999999997,"children":null},"WriteActionMask":{"count":608,"self":0.0020009999999999997,"total":0.0020009999999999997,"children":null},"RequestDecision":{"count":608,"self":0.013498399999999999,"total":0.013498399999999999,"children":null}}},"DecideAction":{"count":380,"self":0.11749449999999999,"total":0.13097129999999998,"children":{"RayPerceptionSensor.Perceive":{"count":608,"self":0.013476799999999999,"total":0.013476799999999999,"children":null}}},"AgentAct":{"count":380,"self":0.0545545,"total":0.0545545,"children":null}},"gauges":{},"metadata":{"timer_format_version":"0.1.0","start_time_seconds":"1642424304","unity_version":"2019.4.18f1","command_line_arguments":"C:\\Program Files\\Unity\\Hub\\Editor\\2019.4.18f1\\Editor\\Unity.exe -projectpath D:\/Desktop\/Crowds-and-ML-Agents-V2 -useHub -hubIPC -cloudEnvironment production -hubSessionId 031da670-7795-11ec-bffe-59b69a53936d -accessToken D7A3vcy3s7Ps_zXJdehMrVeW_HC11FsIshMVG7F04nQ011f","communication_protocol_version":"1.5.0","com.unity.ml-agents_version":"2.0.0-pre.3","scene_name":"Circle_Training_Smalll","end_time_seconds":"1642424323"}}