{"count":1,"self":9.9175536,"total":12.689910399999999,"children":{"InitializeActuators":{"count":75,"self":0.0010000999999999999,"total":0.0010000999999999999,"children":null},"InitializeSensors":{"count":75,"self":0.0030004999999999997,"total":0.0030004999999999997,"children":null},"AgentSendState":{"count":1177,"self":0.54112399999999994,"total":0.5841351,"children":{"CollectObservations":{"count":17700,"self":0.0130057,"total":0.0130057,"children":null},"WriteActionMask":{"count":17700,"self":0.0120012,"total":0.0120012,"children":null},"RequestDecision":{"count":17700,"self":0.018004199999999998,"total":0.018004199999999998,"children":null}}},"DecideAction":{"count":1177,"self":0.1840215,"total":0.25685369999999996,"children":{"RayPerceptionSensor.Perceive":{"count":17700,"self":0.0728322,"total":0.0728322,"children":null}}},"AgentAct":{"count":1177,"self":1.9273673999999998,"total":1.9273673999999998,"children":null}},"gauges":{},"metadata":{"timer_format_version":"0.1.0","start_time_seconds":"1651506069","unity_version":"2020.3.26f1","command_line_arguments":"C:\\Program Files\\Unity\\Hub\\Editor\\2020.3.26f1\\Editor\\Unity.exe -projectpath C:\\Users\\antre\\Desktop\\SIGGRAPH-2022_Paper-339 -useHub -hubIPC -cloudEnvironment production -licensingIpc LicenseClient-antre -hubSessionId 48288380-ca28-11ec-8db2-81a01a149321 -accessToken E14gO85A5uekGgaeXFJNr20o-oPuieWyNe6v8C_RwIo011f","communication_protocol_version":"1.5.0","com.unity.ml-agents_version":"2.0.0","scene_name":"Circular_Demo","end_time_seconds":"1651506081"}}