{"count":1,"self":2355.183616,"total":3785.4516805,"children":{"InitializeActuators":{"count":150,"self":0.0076898999999999995,"total":0.0076898999999999995,"children":null},"InitializeSensors":{"count":150,"self":0.015024299999999999,"total":0.015024299999999999,"children":null},"AgentSendState":{"count":110295,"self":211.5462272,"total":254.6950168,"children":{"CollectObservations":{"count":3110588,"self":15.3220672,"total":15.3220677,"children":null},"WriteActionMask":{"count":3110588,"self":12.258154399999999,"total":12.258154699999999,"children":null},"RequestDecision":{"count":3110588,"self":15.5685664,"total":15.5685668,"children":null}}},"DecideAction":{"count":110295,"self":54.3069888,"total":88.6277152,"children":{"RayPerceptionSensor.Perceive":{"count":3110588,"self":34.3207296,"total":34.3207284,"children":null}}},"AgentAct":{"count":110295,"self":1086.9225472,"total":1086.9225436,"children":null}},"gauges":{"WeightAgent_v3_Scaled.CumulativeReward":{"count":4088,"max":6.9423666,"min":-217.856827,"runningAverage":-30.7995224,"value":-0.732091844,"weightedAverage":-19.3900337}},"metadata":{"timer_format_version":"0.1.0","start_time_seconds":"1637826696","unity_version":"2019.4.18f1","command_line_arguments":"C:\\Program Files\\Unity\\Hub\\Editor\\2019.4.18f1\\Editor\\Unity.exe -projectpath C:\/Users\/antre\/Desktop\/Unity Projects\/Crowds-and-ML-Agents-V2 -useHub -hubIPC -cloudEnvironment production -hubSessionId fb9f5f10-4dc3-11ec-98d5-db05504bfcd5 -accessToken CpQd7OLhJxohK7iLkt4-MIa40fg34VEtWnwU5pKTJI0011f","communication_protocol_version":"1.5.0","com.unity.ml-agents_version":"2.0.0-pre.3","scene_name":"MultiAreas_Scaled","end_time_seconds":"1637830481"}}