{"count":1,"self":1461.2270079999998,"total":30081.495482899998,"children":{"InitializeActuators":{"count":70,"self":0.0019939,"total":0.0019939,"children":null},"InitializeSensors":{"count":70,"self":0.0049996,"total":0.0049996,"children":null},"AgentSendState":{"count":1298698,"self":1345.7718272,"total":2581.3788354,"children":{"CollectObservations":{"count":18181800,"self":86.7203712,"total":86.7203734,"children":null},"WriteActionMask":{"count":18181800,"self":57.323667199999996,"total":57.323664099999995,"children":null},"RequestDecision":{"count":18181800,"self":167.66511359999998,"total":1091.5629483999999,"children":{"AgentInfo.ToProto":{"count":18181800,"self":148.682112,"total":923.89784079999993,"children":{"GenerateSensorData":{"count":18181800,"self":595.7927424,"total":775.2157277,"children":{"RayPerceptionSensor.Perceive":{"count":18181800,"self":179.4230016,"total":179.42300649999999,"children":null}}}}}}}}},"DecideAction":{"count":1298698,"self":25766.7497984,"total":25766.7496182,"children":null},"AgentAct":{"count":1298698,"self":265.00193279999996,"total":271.1367044,"children":{"AgentInfo.ToProto":{"count":84818,"self":1.2179282999999999,"total":6.1347651,"children":{"GenerateSensorData":{"count":84818,"self":3.94732,"total":4.9168368,"children":{"RayPerceptionSensor.Perceive":{"count":84818,"self":0.9695167,"total":0.9695167,"children":null}}}}}}},"AgentInfo.ToProto":{"count":14057,"self":0.2046096,"total":0.9958203,"children":{"GenerateSensorData":{"count":14057,"self":0.630807,"total":0.79121069999999993,"children":{"RayPerceptionSensor.Perceive":{"count":14057,"self":0.16040369999999998,"total":0.16040369999999998,"children":null}}}}}},"gauges":{"WalkAgent.CumulativeReward":{"count":98875,"max":4.33055973,"min":-20.0035,"runningAverage":1.46114171,"value":2.13159871,"weightedAverage":2.187172}},"metadata":{"timer_format_version":"0.1.0","start_time_seconds":"1632949575","unity_version":"2019.4.18f1","command_line_arguments":"C:\\Program Files\\Unity\\Hub\\Editor\\2019.4.18f1\\Editor\\Unity.exe -projectpath D:\/Desktop\/Crowds-and-ML-Agents-V2 -useHub -hubIPC -cloudEnvironment production -hubSessionId c702f8c0-214a-11ec-9bf0-67b4944845a8","communication_protocol_version":"1.5.0","com.unity.ml-agents_version":"2.0.0-pre.3","scene_name":"SampleScene","end_time_seconds":"1632979656"}}