{"count":1,"self":37.967913599999996,"total":47.5828456,"children":{"InitializeActuators":{"count":100,"self":0.0010000999999999999,"total":0.0010000999999999999,"children":null},"InitializeSensors":{"count":100,"self":0.0057833999999999993,"total":0.0057833999999999993,"children":null},"AgentSendState":{"count":3187,"self":1.7967944,"total":1.9468307999999999,"children":{"CollectObservations":{"count":55306,"self":0.0690141,"total":0.0690141,"children":null},"WriteActionMask":{"count":55306,"self":0.0330125,"total":0.0330125,"children":null},"RequestDecision":{"count":55306,"self":0.0480099,"total":0.0480099,"children":null}}},"DecideAction":{"count":3187,"self":0.48068049999999996,"total":0.6887284,"children":{"RayPerceptionSensor.Perceive":{"count":55306,"self":0.20804789999999998,"total":0.20804789999999998,"children":null}}},"AgentAct":{"count":3187,"self":6.9725896,"total":6.9725898,"children":null}},"gauges":{},"metadata":{"timer_format_version":"0.1.0","start_time_seconds":"1651505578","unity_version":"2020.3.26f1","command_line_arguments":"C:\\Program Files\\Unity\\Hub\\Editor\\2020.3.26f1\\Editor\\Unity.exe -projectpath C:\\Users\\antre\\Desktop\\SIGGRAPH-2022_Paper-339 -useHub -hubIPC -cloudEnvironment production -licensingIpc LicenseClient-antre -hubSessionId 48288380-ca28-11ec-8db2-81a01a149321 -accessToken E14gO85A5uekGgaeXFJNr20o-oPuieWyNe6v8C_RwIo011f","communication_protocol_version":"1.5.0","com.unity.ml-agents_version":"2.0.0","scene_name":"Cross_Demo","end_time_seconds":"1651505625"}}